{"assets/chef_hat.png":["assets/chef_hat.png"],"assets/food-placeholder.jpg":["assets/food-placeholder.jpg"],"assets/logo_256.png":["assets/logo_256.png"],"assets/male_chef.png":["assets/male_chef.png"],"assets/open-sans.ttf":["assets/open-sans.ttf"],"assets/pos.txt":["assets/pos.txt"],"assets/robofood.png":["assets/robofood.png"],"assets/warning.png":["assets/warning.png"],"packages/cupertino_icons/assets/CupertinoIcons.ttf":["packages/cupertino_icons/assets/CupertinoIcons.ttf"],"packages/esc_pos_utils_v2/resources/capabilities.json":["packages/esc_pos_utils_v2/resources/capabilities.json"],"packages/flex_color_picker/assets/opacity.png":["packages/flex_color_picker/assets/opacity.png"],"packages/font_awesome_flutter/lib/fonts/fa-brands-400.ttf":["packages/font_awesome_flutter/lib/fonts/fa-brands-400.ttf"],"packages/font_awesome_flutter/lib/fonts/fa-regular-400.ttf":["packages/font_awesome_flutter/lib/fonts/fa-regular-400.ttf"],"packages/font_awesome_flutter/lib/fonts/fa-solid-900.ttf":["packages/font_awesome_flutter/lib/fonts/fa-solid-900.ttf"],"packages/line_icons/lib/assets/fonts/LineIcons.ttf":["packages/line_icons/lib/assets/fonts/LineIcons.ttf"]}